address,interaction_count,interacted_with_0x6e5808,interacted_with_0x277fa5,interacted_with_0xe5E5ed,interacted_with_0x29FF8F,interacted_with_0xbf55bb,contracts
0xd334533980c201c1b93e39bbe6bd1e04be5c0f5d,4,True,True,True,True,False,"0x6e58089d8E8f664823d26454f49A5A0f2fF697Fe,0x277fa53c8a53c880e0625c92c92a62a9f60f3f04,0xe5E5ed1B50AE33E66ca69dF17Aa6381FDe4e9C7e,0x29FF8F9ACb27727D8A2A52D16091c12ea56E9E4d"
0x52226fc7a4b931b962427da1be5734ed3a40cc1f,4,True,True,True,True,False,"0x6e58089d8E8f664823d26454f49A5A0f2fF697Fe,0x277fa53c8a53c880e0625c92c92a62a9f60f3f04,0xe5E5ed1B50AE33E66ca69dF17Aa6381FDe4e9C7e,0x29FF8F9ACb27727D8A2A52D16091c12ea56E9E4d"
0xca0073964efe7f9422ceb16901018b1db0cc4785,4,True,True,True,True,False,"0x6e58089d8E8f664823d26454f49A5A0f2fF697Fe,0x277fa53c8a53c880e0625c92c92a62a9f60f3f04,0xe5E5ed1B50AE33E66ca69dF17Aa6381FDe4e9C7e,0x29FF8F9ACb27727D8A2A52D16091c12ea56E9E4d"
0x1acfbd88adc974b0b7a36005947335ecf3965c60,4,True,True,True,True,False,"0x6e58089d8E8f664823d26454f49A5A0f2fF697Fe,0x277fa53c8a53c880e0625c92c92a62a9f60f3f04,0xe5E5ed1B50AE33E66ca69dF17Aa6381FDe4e9C7e,0x29FF8F9ACb27727D8A2A52D16091c12ea56E9E4d"
0x0000000000000000000000000000000000000000,4,True,True,True,True,False,"0x6e58089d8E8f664823d26454f49A5A0f2fF697Fe,0x277fa53c8a53c880e0625c92c92a62a9f60f3f04,0xe5E5ed1B50AE33E66ca69dF17Aa6381FDe4e9C7e,0x29FF8F9ACb27727D8A2A52D16091c12ea56E9E4d"
0xfc4b2a62a06cb2e1c6a743e9ae327bb16977e4c1,4,True,True,True,True,False,"0x6e58089d8E8f664823d26454f49A5A0f2fF697Fe,0x277fa53c8a53c880e0625c92c92a62a9f60f3f04,0xe5E5ed1B50AE33E66ca69dF17Aa6381FDe4e9C7e,0x29FF8F9ACb27727D8A2A52D16091c12ea56E9E4d"
0x81f9b40dee106a4c5822aed7641d5c1e2b40f922,4,True,True,True,True,False,"0x6e58089d8E8f664823d26454f49A5A0f2fF697Fe,0x277fa53c8a53c880e0625c92c92a62a9f60f3f04,0xe5E5ed1B50AE33E66ca69dF17Aa6381FDe4e9C7e,0x29FF8F9ACb27727D8A2A52D16091c12ea56E9E4d"
0x2d42d6bb3d18a7be35d76b599aee9d3358b22b3e,4,True,True,True,True,False,"0x6e58089d8E8f664823d26454f49A5A0f2fF697Fe,0x277fa53c8a53c880e0625c92c92a62a9f60f3f04,0xe5E5ed1B50AE33E66ca69dF17Aa6381FDe4e9C7e,0x29FF8F9ACb27727D8A2A52D16091c12ea56E9E4d"
0xa53ce3082487d281fd13c617925c00b80932a460,4,True,True,True,True,False,"0x6e58089d8E8f664823d26454f49A5A0f2fF697Fe,0x277fa53c8a53c880e0625c92c92a62a9f60f3f04,0xe5E5ed1B50AE33E66ca69dF17Aa6381FDe4e9C7e,0x29FF8F9ACb27727D8A2A52D16091c12ea56E9E4d"
0xd4f9fe0039da59e6ddb21bbb6e84e0c9e83d73ed,4,True,True,True,True,False,"0x6e58089d8E8f664823d26454f49A5A0f2fF697Fe,0x277fa53c8a53c880e0625c92c92a62a9f60f3f04,0xe5E5ed1B50AE33E66ca69dF17Aa6381FDe4e9C7e,0x29FF8F9ACb27727D8A2A52D16091c12ea56E9E4d"
0x8238892095d3bac5322894e84f349bcd52f843d5,4,True,True,True,True,False,"0x6e58089d8E8f664823d26454f49A5A0f2fF697Fe,0x277fa53c8a53c880e0625c92c92a62a9f60f3f04,0xe5E5ed1B50AE33E66ca69dF17Aa6381FDe4e9C7e,0x29FF8F9ACb27727D8A2A52D16091c12ea56E9E4d"
0xf7e9caaaeeb6cc9657e1dd490f044114aecc31b2,4,True,True,True,True,False,"0x6e58089d8E8f664823d26454f49A5A0f2fF697Fe,0x277fa53c8a53c880e0625c92c92a62a9f60f3f04,0xe5E5ed1B50AE33E66ca69dF17Aa6381FDe4e9C7e,0x29FF8F9ACb27727D8A2A52D16091c12ea56E9E4d"
0xac844ada82f3d0241533d827ebf84deb89617792,4,True,True,True,True,False,"0x6e58089d8E8f664823d26454f49A5A0f2fF697Fe,0x277fa53c8a53c880e0625c92c92a62a9f60f3f04,0xe5E5ed1B50AE33E66ca69dF17Aa6381FDe4e9C7e,0x29FF8F9ACb27727D8A2A52D16091c12ea56E9E4d"
0xccbf601eb2f5aa2d5d68b069610da6f1627d485d,4,True,True,True,True,False,"0x6e58089d8E8f664823d26454f49A5A0f2fF697Fe,0x277fa53c8a53c880e0625c92c92a62a9f60f3f04,0xe5E5ed1B50AE33E66ca69dF17Aa6381FDe4e9C7e,0x29FF8F9ACb27727D8A2A52D16091c12ea56E9E4d"
0xb5b56fcdf374cdab0ceae4bb75844d2a6e59d4d7,4,True,True,True,True,False,"0x6e58089d8E8f664823d26454f49A5A0f2fF697Fe,0x277fa53c8a53c880e0625c92c92a62a9f60f3f04,0xe5E5ed1B50AE33E66ca69dF17Aa6381FDe4e9C7e,0x29FF8F9ACb27727D8A2A52D16091c12ea56E9E4d"
0xbdec7287c08c0c153f9843c4796d59e3bf7178e4,4,True,True,True,True,False,"0x6e58089d8E8f664823d26454f49A5A0f2fF697Fe,0x277fa53c8a53c880e0625c92c92a62a9f60f3f04,0xe5E5ed1B50AE33E66ca69dF17Aa6381FDe4e9C7e,0x29FF8F9ACb27727D8A2A52D16091c12ea56E9E4d"
0x2cfb075e8fc0d99837653629b0a3d527f0769a1a,4,True,True,True,True,False,"0x6e58089d8E8f664823d26454f49A5A0f2fF697Fe,0x277fa53c8a53c880e0625c92c92a62a9f60f3f04,0xe5E5ed1B50AE33E66ca69dF17Aa6381FDe4e9C7e,0x29FF8F9ACb27727D8A2A52D16091c12ea56E9E4d"
0xa7bf8f67045ef716ee87ded1faadff10f226c02d,4,True,True,True,True,False,"0x6e58089d8E8f664823d26454f49A5A0f2fF697Fe,0x277fa53c8a53c880e0625c92c92a62a9f60f3f04,0xe5E5ed1B50AE33E66ca69dF17Aa6381FDe4e9C7e,0x29FF8F9ACb27727D8A2A52D16091c12ea56E9E4d"
0x02e0c302380aa679189d9caa349a0da5a6a19108,4,True,True,True,True,False,"0x6e58089d8E8f664823d26454f49A5A0f2fF697Fe,0x277fa53c8a53c880e0625c92c92a62a9f60f3f04,0xe5E5ed1B50AE33E66ca69dF17Aa6381FDe4e9C7e,0x29FF8F9ACb27727D8A2A52D16091c12ea56E9E4d"
0x62661b101ca48734668669a9f1cb83c4889049f3,3,True,True,True,False,False,"0x6e58089d8E8f664823d26454f49A5A0f2fF697Fe,0x277fa53c8a53c880e0625c92c92a62a9f60f3f04,0xe5E5ed1B50AE33E66ca69dF17Aa6381FDe4e9C7e"
0xcc0b4fb77e21894120699e6d198ca611b082766d,3,True,True,False,True,False,"0x6e58089d8E8f664823d26454f49A5A0f2fF697Fe,0x277fa53c8a53c880e0625c92c92a62a9f60f3f04,0x29FF8F9ACb27727D8A2A52D16091c12ea56E9E4d"
0x6f278ce76ba5ed31fd9be646d074863e126836e9,3,True,True,False,True,False,"0x6e58089d8E8f664823d26454f49A5A0f2fF697Fe,0x277fa53c8a53c880e0625c92c92a62a9f60f3f04,0x29FF8F9ACb27727D8A2A52D16091c12ea56E9E4d"
0x7527631142c193b5ff4bd7da2c2ecf10fc33e8ad,3,True,True,True,False,False,"0x6e58089d8E8f664823d26454f49A5A0f2fF697Fe,0x277fa53c8a53c880e0625c92c92a62a9f60f3f04,0xe5E5ed1B50AE33E66ca69dF17Aa6381FDe4e9C7e"
0xe7ef5f4803e85f91871bc8f4a609b954f2112ac9,3,True,True,False,True,False,"0x6e58089d8E8f664823d26454f49A5A0f2fF697Fe,0x277fa53c8a53c880e0625c92c92a62a9f60f3f04,0x29FF8F9ACb27727D8A2A52D16091c12ea56E9E4d"
0xb51074da03c55e79e3526cf6bbf31873443efc63,3,True,True,False,True,False,"0x6e58089d8E8f664823d26454f49A5A0f2fF697Fe,0x277fa53c8a53c880e0625c92c92a62a9f60f3f04,0x29FF8F9ACb27727D8A2A52D16091c12ea56E9E4d"
0x66143d695baff44a3c8549bbdb16098d55674f9d,3,True,True,True,False,False,"0x6e58089d8E8f664823d26454f49A5A0f2fF697Fe,0x277fa53c8a53c880e0625c92c92a62a9f60f3f04,0xe5E5ed1B50AE33E66ca69dF17Aa6381FDe4e9C7e"
0x0735a3936193a2582fe12f0cb157c2b3bed76931,3,True,True,False,True,False,"0x6e58089d8E8f664823d26454f49A5A0f2fF697Fe,0x277fa53c8a53c880e0625c92c92a62a9f60f3f04,0x29FF8F9ACb27727D8A2A52D16091c12ea56E9E4d"
0x8a1a66ccd6b5652a19e927308529c3a5bc7a9605,3,True,True,False,True,False,"0x6e58089d8E8f664823d26454f49A5A0f2fF697Fe,0x277fa53c8a53c880e0625c92c92a62a9f60f3f04,0x29FF8F9ACb27727D8A2A52D16091c12ea56E9E4d"
0x9c804764b0c0190ca2ef60f680c6b38cf782a1a1,3,True,True,False,True,False,"0x6e58089d8E8f664823d26454f49A5A0f2fF697Fe,0x277fa53c8a53c880e0625c92c92a62a9f60f3f04,0x29FF8F9ACb27727D8A2A52D16091c12ea56E9E4d"
0xda1d9534bef3344fa5be3b644b767b349e7415c7,3,True,True,False,True,False,"0x6e58089d8E8f664823d26454f49A5A0f2fF697Fe,0x277fa53c8a53c880e0625c92c92a62a9f60f3f04,0x29FF8F9ACb27727D8A2A52D16091c12ea56E9E4d"
0xdbc9e41d5e083884f2cb172bb3a17ab09a528101,3,True,True,False,True,False,"0x6e58089d8E8f664823d26454f49A5A0f2fF697Fe,0x277fa53c8a53c880e0625c92c92a62a9f60f3f04,0x29FF8F9ACb27727D8A2A52D16091c12ea56E9E4d"
0xccdf9178bc4f253e4d530fd08d605e713da77a9f,3,True,True,False,True,False,"0x6e58089d8E8f664823d26454f49A5A0f2fF697Fe,0x277fa53c8a53c880e0625c92c92a62a9f60f3f04,0x29FF8F9ACb27727D8A2A52D16091c12ea56E9E4d"
0x3eb5cf7be27c8f23934cc83350f174441134406c,3,True,True,False,True,False,"0x6e58089d8E8f664823d26454f49A5A0f2fF697Fe,0x277fa53c8a53c880e0625c92c92a62a9f60f3f04,0x29FF8F9ACb27727D8A2A52D16091c12ea56E9E4d"
0x9d30f837adc8f6dab74b0c75590c3fa998c9700f,3,True,True,False,True,False,"0x6e58089d8E8f664823d26454f49A5A0f2fF697Fe,0x277fa53c8a53c880e0625c92c92a62a9f60f3f04,0x29FF8F9ACb27727D8A2A52D16091c12ea56E9E4d"
0xbb0992a43f7b62e047a09c6d51fab1973d04de40,3,True,True,False,True,False,"0x6e58089d8E8f664823d26454f49A5A0f2fF697Fe,0x277fa53c8a53c880e0625c92c92a62a9f60f3f04,0x29FF8F9ACb27727D8A2A52D16091c12ea56E9E4d"
0xdfeeacb43f4bdf4f952ee0e47c99353dd2eda192,3,True,True,False,True,False,"0x6e58089d8E8f664823d26454f49A5A0f2fF697Fe,0x277fa53c8a53c880e0625c92c92a62a9f60f3f04,0x29FF8F9ACb27727D8A2A52D16091c12ea56E9E4d"
0xc16637fdf1dd91ddc98b70ab732aca9895d49a5c,3,True,True,False,True,False,"0x6e58089d8E8f664823d26454f49A5A0f2fF697Fe,0x277fa53c8a53c880e0625c92c92a62a9f60f3f04,0x29FF8F9ACb27727D8A2A52D16091c12ea56E9E4d"
0x3acc2bffa4a5e75fd4b7709a6fa2c3eed94f664c,3,True,True,False,True,False,"0x6e58089d8E8f664823d26454f49A5A0f2fF697Fe,0x277fa53c8a53c880e0625c92c92a62a9f60f3f04,0x29FF8F9ACb27727D8A2A52D16091c12ea56E9E4d"
0x561369b3ec94d001031822011b9231e1436bcc78,3,True,True,True,False,False,"0x6e58089d8E8f664823d26454f49A5A0f2fF697Fe,0x277fa53c8a53c880e0625c92c92a62a9f60f3f04,0xe5E5ed1B50AE33E66ca69dF17Aa6381FDe4e9C7e"
0xea7d6a3873cbb644a2fa3a124b00a25c33c661b8,3,True,True,False,True,False,"0x6e58089d8E8f664823d26454f49A5A0f2fF697Fe,0x277fa53c8a53c880e0625c92c92a62a9f60f3f04,0x29FF8F9ACb27727D8A2A52D16091c12ea56E9E4d"
0x32dbef8b3c7dd3e32c874d8a62162206518e5906,3,True,True,True,False,False,"0x6e58089d8E8f664823d26454f49A5A0f2fF697Fe,0x277fa53c8a53c880e0625c92c92a62a9f60f3f04,0xe5E5ed1B50AE33E66ca69dF17Aa6381FDe4e9C7e"
0xfdf73c771d0a3eb0ff67c4c52844428884ea1850,3,True,True,False,True,False,"0x6e58089d8E8f664823d26454f49A5A0f2fF697Fe,0x277fa53c8a53c880e0625c92c92a62a9f60f3f04,0x29FF8F9ACb27727D8A2A52D16091c12ea56E9E4d"
0x02d151627e74a741c48733ea04c036e7b01d9e63,3,True,True,False,True,False,"0x6e58089d8E8f664823d26454f49A5A0f2fF697Fe,0x277fa53c8a53c880e0625c92c92a62a9f60f3f04,0x29FF8F9ACb27727D8A2A52D16091c12ea56E9E4d"
0x3c28c42b24b7909c8292920929f083f60c4997a6,3,True,True,False,True,False,"0x6e58089d8E8f664823d26454f49A5A0f2fF697Fe,0x277fa53c8a53c880e0625c92c92a62a9f60f3f04,0x29FF8F9ACb27727D8A2A52D16091c12ea56E9E4d"
0x155ddac174dc33a1c7054b90ae8c31228776d147,3,True,True,True,False,False,"0x6e58089d8E8f664823d26454f49A5A0f2fF697Fe,0x277fa53c8a53c880e0625c92c92a62a9f60f3f04,0xe5E5ed1B50AE33E66ca69dF17Aa6381FDe4e9C7e"
0x465ebdcca602a15559c861edc48c836ca76b2e0b,3,True,True,False,True,False,"0x6e58089d8E8f664823d26454f49A5A0f2fF697Fe,0x277fa53c8a53c880e0625c92c92a62a9f60f3f04,0x29FF8F9ACb27727D8A2A52D16091c12ea56E9E4d"
0xe8a4900bf1f3e498d6069f96158bcc132dbb7b44,3,True,True,True,False,False,"0x6e58089d8E8f664823d26454f49A5A0f2fF697Fe,0x277fa53c8a53c880e0625c92c92a62a9f60f3f04,0xe5E5ed1B50AE33E66ca69dF17Aa6381FDe4e9C7e"
0x14d9dfcb8214d31069eaba6be8d328f56760f384,3,True,True,False,True,False,"0x6e58089d8E8f664823d26454f49A5A0f2fF697Fe,0x277fa53c8a53c880e0625c92c92a62a9f60f3f04,0x29FF8F9ACb27727D8A2A52D16091c12ea56E9E4d"
0x0a8c33a7359eff8d306c8079b4043bbc1d887ae8,3,True,True,False,True,False,"0x6e58089d8E8f664823d26454f49A5A0f2fF697Fe,0x277fa53c8a53c880e0625c92c92a62a9f60f3f04,0x29FF8F9ACb27727D8A2A52D16091c12ea56E9E4d"
0x402fc615b80a4048c12b3f6369fa74a36e71c285,3,True,True,True,False,False,"0x6e58089d8E8f664823d26454f49A5A0f2fF697Fe,0x277fa53c8a53c880e0625c92c92a62a9f60f3f04,0xe5E5ed1B50AE33E66ca69dF17Aa6381FDe4e9C7e"
0x351da630c4918ad2dcdd8e6408641e14e22aa6db,3,True,True,True,False,False,"0x6e58089d8E8f664823d26454f49A5A0f2fF697Fe,0x277fa53c8a53c880e0625c92c92a62a9f60f3f04,0xe5E5ed1B50AE33E66ca69dF17Aa6381FDe4e9C7e"
0x66c348c2d6f0a5c2d1b34dc87ab61bfd62feb9cd,3,True,True,False,True,False,"0x6e58089d8E8f664823d26454f49A5A0f2fF697Fe,0x277fa53c8a53c880e0625c92c92a62a9f60f3f04,0x29FF8F9ACb27727D8A2A52D16091c12ea56E9E4d"
0x415d9f9d71f4090a5feb49a5d246ff6094af843b,3,True,True,False,True,False,"0x6e58089d8E8f664823d26454f49A5A0f2fF697Fe,0x277fa53c8a53c880e0625c92c92a62a9f60f3f04,0x29FF8F9ACb27727D8A2A52D16091c12ea56E9E4d"
0x0d41a350d7549de7ce3ea59b5bd678b7d8a268f0,3,True,True,False,True,False,"0x6e58089d8E8f664823d26454f49A5A0f2fF697Fe,0x277fa53c8a53c880e0625c92c92a62a9f60f3f04,0x29FF8F9ACb27727D8A2A52D16091c12ea56E9E4d"
0xf4bbd5cd8c7551796a41e25928f0617a7d1f1cc2,3,True,True,True,False,False,"0x6e58089d8E8f664823d26454f49A5A0f2fF697Fe,0x277fa53c8a53c880e0625c92c92a62a9f60f3f04,0xe5E5ed1B50AE33E66ca69dF17Aa6381FDe4e9C7e"
0x52b13b2f6804d659aa7a55e8d06410dfa9b805b8,3,True,True,True,False,False,"0x6e58089d8E8f664823d26454f49A5A0f2fF697Fe,0x277fa53c8a53c880e0625c92c92a62a9f60f3f04,0xe5E5ed1B50AE33E66ca69dF17Aa6381FDe4e9C7e"
0x0c2dfb74090a1aca1b3df3096c32f660913ec444,3,True,True,True,False,False,"0x6e58089d8E8f664823d26454f49A5A0f2fF697Fe,0x277fa53c8a53c880e0625c92c92a62a9f60f3f04,0xe5E5ed1B50AE33E66ca69dF17Aa6381FDe4e9C7e"
0xc2d201037bdf8f7fe905f1073106bf4385b65a6f,3,True,True,True,False,False,"0x6e58089d8E8f664823d26454f49A5A0f2fF697Fe,0x277fa53c8a53c880e0625c92c92a62a9f60f3f04,0xe5E5ed1B50AE33E66ca69dF17Aa6381FDe4e9C7e"
0xf623bef6f5a538e057a8ec38c7b26b4524360f61,3,True,True,False,True,False,"0x6e58089d8E8f664823d26454f49A5A0f2fF697Fe,0x277fa53c8a53c880e0625c92c92a62a9f60f3f04,0x29FF8F9ACb27727D8A2A52D16091c12ea56E9E4d"
0xe3aa9e5252211716052c9677f2258e35ccb85ed6,3,True,True,True,False,False,"0x6e58089d8E8f664823d26454f49A5A0f2fF697Fe,0x277fa53c8a53c880e0625c92c92a62a9f60f3f04,0xe5E5ed1B50AE33E66ca69dF17Aa6381FDe4e9C7e"
0x9948ffd4b0e40a096f8979cdaeea7d852f6ea177,3,True,True,False,True,False,"0x6e58089d8E8f664823d26454f49A5A0f2fF697Fe,0x277fa53c8a53c880e0625c92c92a62a9f60f3f04,0x29FF8F9ACb27727D8A2A52D16091c12ea56E9E4d"
0xf7bd34dd44b92fb2f9c3d2e31aaad06570a853a6,3,True,True,True,False,False,"0x6e58089d8E8f664823d26454f49A5A0f2fF697Fe,0x277fa53c8a53c880e0625c92c92a62a9f60f3f04,0xe5E5ed1B50AE33E66ca69dF17Aa6381FDe4e9C7e"
0x55e9877c8e66801313607396e7e563391753f800,3,True,True,False,True,False,"0x6e58089d8E8f664823d26454f49A5A0f2fF697Fe,0x277fa53c8a53c880e0625c92c92a62a9f60f3f04,0x29FF8F9ACb27727D8A2A52D16091c12ea56E9E4d"
0xdf7fa906da092cc30f868c5730c944f4d5431e17,3,True,True,True,False,False,"0x6e58089d8E8f664823d26454f49A5A0f2fF697Fe,0x277fa53c8a53c880e0625c92c92a62a9f60f3f04,0xe5E5ed1B50AE33E66ca69dF17Aa6381FDe4e9C7e"
0x374d5221a4367fe746cc6c92d333c6ce15386fcd,3,True,True,False,True,False,"0x6e58089d8E8f664823d26454f49A5A0f2fF697Fe,0x277fa53c8a53c880e0625c92c92a62a9f60f3f04,0x29FF8F9ACb27727D8A2A52D16091c12ea56E9E4d"
0x9d6b33774bd65afd1392b0303265e45176c7d33a,3,True,True,True,False,False,"0x6e58089d8E8f664823d26454f49A5A0f2fF697Fe,0x277fa53c8a53c880e0625c92c92a62a9f60f3f04,0xe5E5ed1B50AE33E66ca69dF17Aa6381FDe4e9C7e"
0x4c47b2520e9f7e3da15df09718d467f783b03858,3,True,True,True,False,False,"0x6e58089d8E8f664823d26454f49A5A0f2fF697Fe,0x277fa53c8a53c880e0625c92c92a62a9f60f3f04,0xe5E5ed1B50AE33E66ca69dF17Aa6381FDe4e9C7e"
0x02feb744ca516fd6e41d940ae2d0f7cb6fcb1ac3,3,True,True,False,True,False,"0x6e58089d8E8f664823d26454f49A5A0f2fF697Fe,0x277fa53c8a53c880e0625c92c92a62a9f60f3f04,0x29FF8F9ACb27727D8A2A52D16091c12ea56E9E4d"
0x1525d8fcad680088245055ffb43179367d3effc0,3,True,True,True,False,False,"0x6e58089d8E8f664823d26454f49A5A0f2fF697Fe,0x277fa53c8a53c880e0625c92c92a62a9f60f3f04,0xe5E5ed1B50AE33E66ca69dF17Aa6381FDe4e9C7e"
0x7193342f776ebc03d819dce344a4cb8218613f2e,3,True,True,False,True,False,"0x6e58089d8E8f664823d26454f49A5A0f2fF697Fe,0x277fa53c8a53c880e0625c92c92a62a9f60f3f04,0x29FF8F9ACb27727D8A2A52D16091c12ea56E9E4d"
0xc51fefb9ef83f2d300448b22db6fac032f96df3f,3,True,True,False,True,False,"0x6e58089d8E8f664823d26454f49A5A0f2fF697Fe,0x277fa53c8a53c880e0625c92c92a62a9f60f3f04,0x29FF8F9ACb27727D8A2A52D16091c12ea56E9E4d"
0x2cf70d98851ff4681d3cde774191452ccc00029e,3,True,True,False,True,False,"0x6e58089d8E8f664823d26454f49A5A0f2fF697Fe,0x277fa53c8a53c880e0625c92c92a62a9f60f3f04,0x29FF8F9ACb27727D8A2A52D16091c12ea56E9E4d"
0xb19d6b66b18fae0fca1023138b229e5f970b5180,3,True,True,True,False,False,"0x6e58089d8E8f664823d26454f49A5A0f2fF697Fe,0x277fa53c8a53c880e0625c92c92a62a9f60f3f04,0xe5E5ed1B50AE33E66ca69dF17Aa6381FDe4e9C7e"
0xe9242fc1e861a2a3e12fb3972edcee732f49b37b,3,True,True,False,True,False,"0x6e58089d8E8f664823d26454f49A5A0f2fF697Fe,0x277fa53c8a53c880e0625c92c92a62a9f60f3f04,0x29FF8F9ACb27727D8A2A52D16091c12ea56E9E4d"
0x3a652f60622d22cde49de3d9b5e9d0dcd4d6c32a,3,True,True,True,False,False,"0x6e58089d8E8f664823d26454f49A5A0f2fF697Fe,0x277fa53c8a53c880e0625c92c92a62a9f60f3f04,0xe5E5ed1B50AE33E66ca69dF17Aa6381FDe4e9C7e"
0xdfea3e84e51117dfede2561fb39617e23f2acce9,3,True,True,True,False,False,"0x6e58089d8E8f664823d26454f49A5A0f2fF697Fe,0x277fa53c8a53c880e0625c92c92a62a9f60f3f04,0xe5E5ed1B50AE33E66ca69dF17Aa6381FDe4e9C7e"
0xf0ee04af67809247ef194443e388e42933279ef3,3,True,True,False,True,False,"0x6e58089d8E8f664823d26454f49A5A0f2fF697Fe,0x277fa53c8a53c880e0625c92c92a62a9f60f3f04,0x29FF8F9ACb27727D8A2A52D16091c12ea56E9E4d"
0xddb20a475aeead0cea068f98cf83b2465d83071f,3,True,True,False,True,False,"0x6e58089d8E8f664823d26454f49A5A0f2fF697Fe,0x277fa53c8a53c880e0625c92c92a62a9f60f3f04,0x29FF8F9ACb27727D8A2A52D16091c12ea56E9E4d"
0xc164111d12ded6a9dd5d6c532727bd5c10cd89dd,3,True,True,False,True,False,"0x6e58089d8E8f664823d26454f49A5A0f2fF697Fe,0x277fa53c8a53c880e0625c92c92a62a9f60f3f04,0x29FF8F9ACb27727D8A2A52D16091c12ea56E9E4d"
0x5abc63ebf1950d531408cf8e12ce24c047504847,3,True,True,False,True,False,"0x6e58089d8E8f664823d26454f49A5A0f2fF697Fe,0x277fa53c8a53c880e0625c92c92a62a9f60f3f04,0x29FF8F9ACb27727D8A2A52D16091c12ea56E9E4d"
0x6c46f3f23ed4a070da8d7c1af302d09394efb79f,3,True,True,False,True,False,"0x6e58089d8E8f664823d26454f49A5A0f2fF697Fe,0x277fa53c8a53c880e0625c92c92a62a9f60f3f04,0x29FF8F9ACb27727D8A2A52D16091c12ea56E9E4d"
0xa82c9ed42e7cea03cfad4b03205e46d1a4a30998,2,False,True,False,True,False,"0x277fa53c8a53c880e0625c92c92a62a9f60f3f04,0x29FF8F9ACb27727D8A2A52D16091c12ea56E9E4d"
0xf0d4c12a5768d806021f80a262b4d39d26c58b8d,2,True,True,False,False,False,"0x6e58089d8E8f664823d26454f49A5A0f2fF697Fe,0x277fa53c8a53c880e0625c92c92a62a9f60f3f04"
0x989aeb4d175e16225e39e87d0d97a3360524ad80,2,False,True,True,False,False,"0x277fa53c8a53c880e0625c92c92a62a9f60f3f04,0xe5E5ed1B50AE33E66ca69dF17Aa6381FDe4e9C7e"
0x95ab2a2f6e701873cea0070dac735589d089f6bc,2,True,False,False,True,False,"0x6e58089d8E8f664823d26454f49A5A0f2fF697Fe,0x29FF8F9ACb27727D8A2A52D16091c12ea56E9E4d"
0x3070f20f86fda706ac380f5060d256028a46ec29,2,True,True,False,False,False,"0x6e58089d8E8f664823d26454f49A5A0f2fF697Fe,0x277fa53c8a53c880e0625c92c92a62a9f60f3f04"
0x277fa53c8a53c880e0625c92c92a62a9f60f3f04,2,True,True,False,False,False,"0x6e58089d8E8f664823d26454f49A5A0f2fF697Fe,0x277fa53c8a53c880e0625c92c92a62a9f60f3f04"
0xb7bb43e68b41ed173c29c8869ac90a18c551c598,2,False,True,False,True,False,"0x277fa53c8a53c880e0625c92c92a62a9f60f3f04,0x29FF8F9ACb27727D8A2A52D16091c12ea56E9E4d"
0x0fe38dcc905ec14f6099a83ac5c93bf2601300cf,2,True,True,False,False,False,"0x6e58089d8E8f664823d26454f49A5A0f2fF697Fe,0x277fa53c8a53c880e0625c92c92a62a9f60f3f04"
0xe5e5ed1b50ae33e66ca69df17aa6381fde4e9c7e,2,True,True,False,False,False,"0x6e58089d8E8f664823d26454f49A5A0f2fF697Fe,0x277fa53c8a53c880e0625c92c92a62a9f60f3f04"
0xead7d35099539ce2abe64f7591ea522e23c13c05,2,False,True,False,True,False,"0x277fa53c8a53c880e0625c92c92a62a9f60f3f04,0x29FF8F9ACb27727D8A2A52D16091c12ea56E9E4d"
0xb2515a7221b2654f9faae0e4ed1d0e49aa7b85dd,2,False,True,False,True,False,"0x277fa53c8a53c880e0625c92c92a62a9f60f3f04,0x29FF8F9ACb27727D8A2A52D16091c12ea56E9E4d"
0xc3ad78caa7984ecabb06c6bd4934c3d8e9efd593,2,False,True,False,True,False,"0x277fa53c8a53c880e0625c92c92a62a9f60f3f04,0x29FF8F9ACb27727D8A2A52D16091c12ea56E9E4d"
0xfd8bd978f198503a0ba9c5d7f7586e23fc4a4b40,2,True,False,True,False,False,"0x6e58089d8E8f664823d26454f49A5A0f2fF697Fe,0xe5E5ed1B50AE33E66ca69dF17Aa6381FDe4e9C7e"
0x5180db0237291a6449dda9ed33ad90a38787621c,2,False,True,False,True,False,"0x277fa53c8a53c880e0625c92c92a62a9f60f3f04,0x29FF8F9ACb27727D8A2A52D16091c12ea56E9E4d"
0x26d4793a24edeba373505721e507aff2f5c7b58f,2,True,False,True,False,False,"0x6e58089d8E8f664823d26454f49A5A0f2fF697Fe,0xe5E5ed1B50AE33E66ca69dF17Aa6381FDe4e9C7e"
0x3839acf1ee7699d1f46b1be840d8ad8317fdf757,1,True,False,False,False,False,0x6e58089d8E8f664823d26454f49A5A0f2fF697Fe
0x98ab20307fdaba1ce8b16d69d22461c6dbe85459,1,True,False,False,False,False,0x6e58089d8E8f664823d26454f49A5A0f2fF697Fe
0xe6f79f8b46b30f293cfbde50ef787d2fe0610782,1,True,False,False,False,False,0x6e58089d8E8f664823d26454f49A5A0f2fF697Fe
0x1b3bbab4f9975094b326c6b64644ff2723d163c4,1,True,False,False,False,False,0x6e58089d8E8f664823d26454f49A5A0f2fF697Fe
0x2b3de33a62a656c76ed366fe55c49cfe142f5427,1,True,False,False,False,False,0x6e58089d8E8f664823d26454f49A5A0f2fF697Fe
0x4fde6e0af241816a38346ee014482f88311d0451,1,True,False,False,False,False,0x6e58089d8E8f664823d26454f49A5A0f2fF697Fe
0x47bdcf47753fbd125ac7a6305f550eb0362617f8,1,True,False,False,False,False,0x6e58089d8E8f664823d26454f49A5A0f2fF697Fe
0x4f37a9d177470499a2dd084621020b023fcffc1f,1,True,False,False,False,False,0x6e58089d8E8f664823d26454f49A5A0f2fF697Fe
0xf433771be52fe3b915b5c3840ffe9a55425766e3,1,True,False,False,False,False,0x6e58089d8E8f664823d26454f49A5A0f2fF697Fe
0x01ab07010c2f4bf5971537669cc19d5d8cf320a0,1,True,False,False,False,False,0x6e58089d8E8f664823d26454f49A5A0f2fF697Fe
0x9785abe7b4565986ea475a868819418f722b071b,1,True,False,False,False,False,0x6e58089d8E8f664823d26454f49A5A0f2fF697Fe
0x44cddd49c6098b77108336fc5f10a4cc9037d764,1,True,False,False,False,False,0x6e58089d8E8f664823d26454f49A5A0f2fF697Fe
0x5e501008efcd5cf894b240ca40a082cd6cbfb9c5,1,True,False,False,False,False,0x6e58089d8E8f664823d26454f49A5A0f2fF697Fe
0x37d0371d17e5e587b236504515a4baabc08da619,1,True,False,False,False,False,0x6e58089d8E8f664823d26454f49A5A0f2fF697Fe
0xec75451c7f1ff31833cf74d298c5b9749e58f367,1,True,False,False,False,False,0x6e58089d8E8f664823d26454f49A5A0f2fF697Fe
0x7078d9efadefcf699c46d6d7bad84e99eb29fd6d,1,True,False,False,False,False,0x6e58089d8E8f664823d26454f49A5A0f2fF697Fe
0xddff05414d45b1500a85f74d00c2a7c8916715f9,1,True,False,False,False,False,0x6e58089d8E8f664823d26454f49A5A0f2fF697Fe
0x8b36504f2c52f59a57ee6c84d6f1b82e7698ecf0,1,True,False,False,False,False,0x6e58089d8E8f664823d26454f49A5A0f2fF697Fe
0x96de457f38673381b7280caa1d004f73535b7a43,1,True,False,False,False,False,0x6e58089d8E8f664823d26454f49A5A0f2fF697Fe
0x61abf360fee2b472b8e6dcd94215120259a95dd7,1,True,False,False,False,False,0x6e58089d8E8f664823d26454f49A5A0f2fF697Fe
0x34d6dbd097f6b739c59d7467779549aea60e1f84,1,True,False,False,False,False,0x6e58089d8E8f664823d26454f49A5A0f2fF697Fe
0x427caf62d66fcec08fa55f0991dbca66a8bfa7e7,1,True,False,False,False,False,0x6e58089d8E8f664823d26454f49A5A0f2fF697Fe
0xab018255dc5df8e36602bbbf201587f4b9cbc4f5,1,True,False,False,False,False,0x6e58089d8E8f664823d26454f49A5A0f2fF697Fe
0xa674f2c33f504345f50ca6c850f9fd8338612166,1,True,False,False,False,False,0x6e58089d8E8f664823d26454f49A5A0f2fF697Fe
0x1b2a75d4ef318edd3f3ac1d1613916392419273c,1,True,False,False,False,False,0x6e58089d8E8f664823d26454f49A5A0f2fF697Fe
0x4236cad967f018f4d87fd9c9aa0fb56e4f6fe9c2,1,True,False,False,False,False,0x6e58089d8E8f664823d26454f49A5A0f2fF697Fe
0x9c2b07dd951edae10fbf58bb98a1448cde417f58,1,True,False,False,False,False,0x6e58089d8E8f664823d26454f49A5A0f2fF697Fe
0xa20cb8f72bd1edbcfe2e790787f14ee69f80b182,1,True,False,False,False,False,0x6e58089d8E8f664823d26454f49A5A0f2fF697Fe
0x27629b5d175e899a19ed6b3a96016377d5ee4768,1,True,False,False,False,False,0x6e58089d8E8f664823d26454f49A5A0f2fF697Fe
0xa716c2ef62b60cf82b8119947030ea7e26a39908,1,True,False,False,False,False,0x6e58089d8E8f664823d26454f49A5A0f2fF697Fe
0x1aaf5e41c2c73617bc120097547a3410caf6718a,1,True,False,False,False,False,0x6e58089d8E8f664823d26454f49A5A0f2fF697Fe
0xed217008de92d861b6990381abc9c6c27822b34a,1,True,False,False,False,False,0x6e58089d8E8f664823d26454f49A5A0f2fF697Fe
0xe790e84efe105a610ec61d9d31edc07c2569f529,1,True,False,False,False,False,0x6e58089d8E8f664823d26454f49A5A0f2fF697Fe
0x9afbd3a93f3046b217c6df9db65cb14aa8e5da46,1,True,False,False,False,False,0x6e58089d8E8f664823d26454f49A5A0f2fF697Fe
0x1b2dab8062e1d7ea6d6bff01ae297fede19e3125,1,True,False,False,False,False,0x6e58089d8E8f664823d26454f49A5A0f2fF697Fe
0xec92d566ce3a662f03af304c3dd5a7961fa5dc59,1,True,False,False,False,False,0x6e58089d8E8f664823d26454f49A5A0f2fF697Fe
0xd3327cb05a8e0095a543d582b5b3ce3e19270389,1,False,True,False,False,False,0x277fa53c8a53c880e0625c92c92a62a9f60f3f04
0x76d2ddce6b781e66c4b184c82fbf4f94346cfb0d,1,True,False,False,False,False,0x6e58089d8E8f664823d26454f49A5A0f2fF697Fe
0x2c5c55e6918824bf7b46282da8ea2e0195311a27,1,True,False,False,False,False,0x6e58089d8E8f664823d26454f49A5A0f2fF697Fe
0x36fdb65d2d484b036ade6a2a418b05da0c848f1b,1,True,False,False,False,False,0x6e58089d8E8f664823d26454f49A5A0f2fF697Fe
0x11443ad12aef3663a8cd767e6f9508fc799c4b18,1,True,False,False,False,False,0x6e58089d8E8f664823d26454f49A5A0f2fF697Fe
0xc6ef452b0de9e95ccb153c2a5a7a90154aab3419,1,True,False,False,False,False,0x6e58089d8E8f664823d26454f49A5A0f2fF697Fe
0xa49efc7737189207e45ed0446476c698a4693236,1,False,True,False,False,False,0x277fa53c8a53c880e0625c92c92a62a9f60f3f04
0x14a0947b8fbebe53ad5ef8c5f80f14adbc559d53,1,True,False,False,False,False,0x6e58089d8E8f664823d26454f49A5A0f2fF697Fe
0xaaa29803885d86e8a07773c3c049fd4ef7a8fa9c,1,True,False,False,False,False,0x6e58089d8E8f664823d26454f49A5A0f2fF697Fe
0x7f34c621e8e724f31d6121b20b726606ab19ec27,1,True,False,False,False,False,0x6e58089d8E8f664823d26454f49A5A0f2fF697Fe
0xf807ee5f15b17e5fd8c154013abe200b681564c3,1,True,False,False,False,False,0x6e58089d8E8f664823d26454f49A5A0f2fF697Fe
0xe317706a4b3078d9bf75a68f3c1db909b9d2322d,1,True,False,False,False,False,0x6e58089d8E8f664823d26454f49A5A0f2fF697Fe
0x0045054678cc276809792728d2689b2748dc6f2d,1,True,False,False,False,False,0x6e58089d8E8f664823d26454f49A5A0f2fF697Fe
0x000585e5a5e33592760f5c1ebce9318e9ec0b112,1,True,False,False,False,False,0x6e58089d8E8f664823d26454f49A5A0f2fF697Fe
0xef4a52d5483049b37cb883539d1b380eed80a598,1,True,False,False,False,False,0x6e58089d8E8f664823d26454f49A5A0f2fF697Fe
0x3c637470c140ad6b39ce7bad3ddb5a045fa8d574,1,True,False,False,False,False,0x6e58089d8E8f664823d26454f49A5A0f2fF697Fe
0x687c121cc556038a1d44fd6ffcad6eb32245e54b,1,True,False,False,False,False,0x6e58089d8E8f664823d26454f49A5A0f2fF697Fe
0xaba1320725b9623d9a3c0bd2ac8e23a78b99a37d,1,True,False,False,False,False,0x6e58089d8E8f664823d26454f49A5A0f2fF697Fe
0xe3786a8ce1be27560dfe6f093625ac692d92732d,1,False,True,False,False,False,0x277fa53c8a53c880e0625c92c92a62a9f60f3f04
0xa8577bd52403e03c61a758e535f942ffc64cd070,1,True,False,False,False,False,0x6e58089d8E8f664823d26454f49A5A0f2fF697Fe
0x5e926acf797e72d08e66e1f6b2cfc49200453c6d,1,True,False,False,False,False,0x6e58089d8E8f664823d26454f49A5A0f2fF697Fe
0xa44f500bdd82e2e783ef292e2bce6ab5124a6394,1,True,False,False,False,False,0x6e58089d8E8f664823d26454f49A5A0f2fF697Fe
0xe6924b4bbd9c9e76a5e2957752a9880fd3248857,1,False,True,False,False,False,0x277fa53c8a53c880e0625c92c92a62a9f60f3f04
0x89ee26fcdff6b109f81abc6876600ec427f7907f,1,True,False,False,False,False,0x6e58089d8E8f664823d26454f49A5A0f2fF697Fe
0x76a1f298a8d22603a0e5c40398a0155e6799d29a,1,True,False,False,False,False,0x6e58089d8E8f664823d26454f49A5A0f2fF697Fe
0xae77183882f8eeeb5d1180b00a74579e73a7dbba,1,True,False,False,False,False,0x6e58089d8E8f664823d26454f49A5A0f2fF697Fe
0x0017dfe08bcc0dc9a323ca5d4831e371534e9320,1,True,False,False,False,False,0x6e58089d8E8f664823d26454f49A5A0f2fF697Fe
0x2e3baa9ec2a73e6813cbcea552f8a8db39e70bde,1,True,False,False,False,False,0x6e58089d8E8f664823d26454f49A5A0f2fF697Fe
0xeb40a065854bd90126a4e697aea0976ba51b2ee7,1,True,False,False,False,False,0x6e58089d8E8f664823d26454f49A5A0f2fF697Fe
0x7904ad7c992cdab500daa0f3366301b1f5365b62,1,True,False,False,False,False,0x6e58089d8E8f664823d26454f49A5A0f2fF697Fe
0x78b783e4db4101cd298622963e7c9e72775a12f1,1,True,False,False,False,False,0x6e58089d8E8f664823d26454f49A5A0f2fF697Fe
0x201c59f0e15ccc48cab012525f16be7a91a91b53,1,True,False,False,False,False,0x6e58089d8E8f664823d26454f49A5A0f2fF697Fe
0xdb9b936373f859ce8c580bbc35b0eab89ca9fd70,1,True,False,False,False,False,0x6e58089d8E8f664823d26454f49A5A0f2fF697Fe
0x5ac0f5f378d478d30a5bfdc6421171b5673c17b8,1,True,False,False,False,False,0x6e58089d8E8f664823d26454f49A5A0f2fF697Fe
0x50d52d86458f73005858a9345cf4ce89e5a6f410,1,True,False,False,False,False,0x6e58089d8E8f664823d26454f49A5A0f2fF697Fe
0xb722eea8067578a87460b94b1db715e50aa8c9de,1,True,False,False,False,False,0x6e58089d8E8f664823d26454f49A5A0f2fF697Fe
0x30cc4b46b714ea05be154e7d5e8c4fc3bdb9e66a,1,True,False,False,False,False,0x6e58089d8E8f664823d26454f49A5A0f2fF697Fe
0xdfad0c01a28d9d95486bb3f0821e4f5644704fa7,1,True,False,False,False,False,0x6e58089d8E8f664823d26454f49A5A0f2fF697Fe
0x21b52546d6b2451e461d81b7a3c89ddf4d65cd2e,1,True,False,False,False,False,0x6e58089d8E8f664823d26454f49A5A0f2fF697Fe
0xd859cbad6f4fbeac118c5f4cbf47ed21215f0c9f,1,True,False,False,False,False,0x6e58089d8E8f664823d26454f49A5A0f2fF697Fe
0x99fba19112f221d0b44c9c22241f5e6b2db715f6,1,True,False,False,False,False,0x6e58089d8E8f664823d26454f49A5A0f2fF697Fe
0xc0018a967500a646d19d232545a1d2ef0f3ffc35,1,True,False,False,False,False,0x6e58089d8E8f664823d26454f49A5A0f2fF697Fe
0x74fab2e38f657d7aeaa4545f86d659baa39fffc5,1,True,False,False,False,False,0x6e58089d8E8f664823d26454f49A5A0f2fF697Fe
0xbaa32387bd55553ec806622d524b12bbb8242a19,1,True,False,False,False,False,0x6e58089d8E8f664823d26454f49A5A0f2fF697Fe
0x2ee463df905fc7a35ca0bb464d8a711931e623c5,1,True,False,False,False,False,0x6e58089d8E8f664823d26454f49A5A0f2fF697Fe
0x15762db764826c219f1385c028e7e043a27e1891,1,True,False,False,False,False,0x6e58089d8E8f664823d26454f49A5A0f2fF697Fe
0x30e10faae4912e034adc425190a050c11ccfa9b6,1,True,False,False,False,False,0x6e58089d8E8f664823d26454f49A5A0f2fF697Fe
0x949e2988b857af2a3c9429e763d13202b7b25c88,1,True,False,False,False,False,0x6e58089d8E8f664823d26454f49A5A0f2fF697Fe
0x92f092d7c8540f97b61c28aa9b8c14c3e42922ce,1,True,False,False,False,False,0x6e58089d8E8f664823d26454f49A5A0f2fF697Fe
0x25c9a0ed2d36500781f87df6270b6f08950fd2f5,1,True,False,False,False,False,0x6e58089d8E8f664823d26454f49A5A0f2fF697Fe
0x2d6e05c6c5bda25a49fec4ba53666b34f1915196,1,True,False,False,False,False,0x6e58089d8E8f664823d26454f49A5A0f2fF697Fe
0x87616fa850c87a78f307878f32d808dad8f4d401,1,True,False,False,False,False,0x6e58089d8E8f664823d26454f49A5A0f2fF697Fe
0x9b7e5d40fcb79bbf4171521f5a8e2e15808f82d7,1,True,False,False,False,False,0x6e58089d8E8f664823d26454f49A5A0f2fF697Fe
0x53c40473dcdfd927c4201ccfe24e314a7d7c3584,1,True,False,False,False,False,0x6e58089d8E8f664823d26454f49A5A0f2fF697Fe
0xf2ff263e80ce7ac4e86c1e954540eed7a4681b95,1,True,False,False,False,False,0x6e58089d8E8f664823d26454f49A5A0f2fF697Fe
0xdec6d1c36e6a2c20642db914b3462ea65629668e,1,True,False,False,False,False,0x6e58089d8E8f664823d26454f49A5A0f2fF697Fe
0x24561da338b34f2c5ef49c4f0f0a98c66bb60460,1,True,False,False,False,False,0x6e58089d8E8f664823d26454f49A5A0f2fF697Fe
0x4bb7fba588b4254536de4316e8fb346bbe275ecb,1,True,False,False,False,False,0x6e58089d8E8f664823d26454f49A5A0f2fF697Fe
0xd43a25b442e2c343dad472a871c5262cca275eb4,1,True,False,False,False,False,0x6e58089d8E8f664823d26454f49A5A0f2fF697Fe
0x8625afdbf3744d433d850c681ba881d028253c8a,1,True,False,False,False,False,0x6e58089d8E8f664823d26454f49A5A0f2fF697Fe
0xda51a9b56d69a194083025eac9c4c24452848e01,1,True,False,False,False,False,0x6e58089d8E8f664823d26454f49A5A0f2fF697Fe
0xa2451e7404b3e1811dd06649dfd8f34d1c579be0,1,True,False,False,False,False,0x6e58089d8E8f664823d26454f49A5A0f2fF697Fe
0x7e30b26b53e5a6effb62a88632a46c123538c432,1,True,False,False,False,False,0x6e58089d8E8f664823d26454f49A5A0f2fF697Fe
0x84865bb349998d6b813db7cc0f722fd0a94e6e27,1,True,False,False,False,False,0x6e58089d8E8f664823d26454f49A5A0f2fF697Fe
0xf3200849ac675cf41e47e70b744ad38f64ee06de,1,True,False,False,False,False,0x6e58089d8E8f664823d26454f49A5A0f2fF697Fe
0x1afa31717e3729e86535140c45c638e2ff7c2af0,1,True,False,False,False,False,0x6e58089d8E8f664823d26454f49A5A0f2fF697Fe
0x9b87e1fd164e70e6fa8c7fbee5943c2532f7834b,1,True,False,False,False,False,0x6e58089d8E8f664823d26454f49A5A0f2fF697Fe
0xd6f631c796a56a5d448dd88a01f15058c4a0be52,1,True,False,False,False,False,0x6e58089d8E8f664823d26454f49A5A0f2fF697Fe
0x5f0db49acb60df63fbaf173ef177aef220b32bcb,1,True,False,False,False,False,0x6e58089d8E8f664823d26454f49A5A0f2fF697Fe
0xa57c6196f4b15e05436acc32f598c018a62c05d1,1,True,False,False,False,False,0x6e58089d8E8f664823d26454f49A5A0f2fF697Fe
0x6f8348b951943fa0a2a6065067eb2bd6180c244d,1,True,False,False,False,False,0x6e58089d8E8f664823d26454f49A5A0f2fF697Fe
0xeba9fdf974f0d194e072a5a2c0721376cdc046bb,1,True,False,False,False,False,0x6e58089d8E8f664823d26454f49A5A0f2fF697Fe
0xbcd3e2e841cc6140ede73c9ad8ad86ec7e423f52,1,True,False,False,False,False,0x6e58089d8E8f664823d26454f49A5A0f2fF697Fe
0xba386d72ee66b86c51ec92e75b6a32e2563bfd59,1,True,False,False,False,False,0x6e58089d8E8f664823d26454f49A5A0f2fF697Fe
0x23fcf8d02b1b515ca40ec908463626c1759c2756,1,True,False,False,False,False,0x6e58089d8E8f664823d26454f49A5A0f2fF697Fe
0xb8f7725f64a09a453b5736462343187ea84bbd44,1,True,False,False,False,False,0x6e58089d8E8f664823d26454f49A5A0f2fF697Fe
0x75e70db620d5491f69526e22355236f65b46834e,1,True,False,False,False,False,0x6e58089d8E8f664823d26454f49A5A0f2fF697Fe
0xa9c386af3389fce72dafa081c2c45d7b0f31c0fc,1,True,False,False,False,False,0x6e58089d8E8f664823d26454f49A5A0f2fF697Fe
0xa7499aa6464c078eeb940da2fc95c6acd010c3cc,1,True,False,False,False,False,0x6e58089d8E8f664823d26454f49A5A0f2fF697Fe
0x3baf04a1daccb03f4806694cf1a266e1c4df1310,1,True,False,False,False,False,0x6e58089d8E8f664823d26454f49A5A0f2fF697Fe
0x073aba73177668ba1c6661a4ccddbf77dfc8809a,1,True,False,False,False,False,0x6e58089d8E8f664823d26454f49A5A0f2fF697Fe
0x8bc220cb17579edae44e5ed4473ae24f07a30efb,1,True,False,False,False,False,0x6e58089d8E8f664823d26454f49A5A0f2fF697Fe
0x154d73802a6b3324c017481ac818050afe4a0b0a,1,True,False,False,False,False,0x6e58089d8E8f664823d26454f49A5A0f2fF697Fe
0xa9d2bcf3acb743340cdb1d858e529a23cef37838,1,True,False,False,False,False,0x6e58089d8E8f664823d26454f49A5A0f2fF697Fe
0xf49caa0bd91ebc36531f5099e244abfcb2c8cb42,1,True,False,False,False,False,0x6e58089d8E8f664823d26454f49A5A0f2fF697Fe
0xde56e01f34131f27090dc63606dd007ec41e26d9,1,True,False,False,False,False,0x6e58089d8E8f664823d26454f49A5A0f2fF697Fe
0xd87893266d99d19d86148f49a836138928c3ca3e,1,True,False,False,False,False,0x6e58089d8E8f664823d26454f49A5A0f2fF697Fe
0x3c57ece6c13aa7946060690abe03a4f7b90c4868,1,True,False,False,False,False,0x6e58089d8E8f664823d26454f49A5A0f2fF697Fe
0x6002bb1b22680d3d7ef130fa6b77a9c37edb48e7,1,True,False,False,False,False,0x6e58089d8E8f664823d26454f49A5A0f2fF697Fe
0x901feac939f5161e4f5ab5b47f9dcf22fa3cdeae,1,True,False,False,False,False,0x6e58089d8E8f664823d26454f49A5A0f2fF697Fe
0x8ed4389a31fe79d5eb76ef63a8477bfb0a39788b,1,True,False,False,False,False,0x6e58089d8E8f664823d26454f49A5A0f2fF697Fe
0x6767ad8d45dd579b272f5a4a4d046909eb921114,1,True,False,False,False,False,0x6e58089d8E8f664823d26454f49A5A0f2fF697Fe
0x58c0c064a89138bf3216c20f4e4827ec0fe78e87,1,True,False,False,False,False,0x6e58089d8E8f664823d26454f49A5A0f2fF697Fe
0x48dbc3fda0f1421f3b6239a9a3f7a24dfdfd38f1,1,True,False,False,False,False,0x6e58089d8E8f664823d26454f49A5A0f2fF697Fe
0x2a7051d7cbbef7b6889f8e14774020b1653b94c1,1,True,False,False,False,False,0x6e58089d8E8f664823d26454f49A5A0f2fF697Fe
0x49f9d409c580660b0f8e51835c4c6d2f4433e93c,1,True,False,False,False,False,0x6e58089d8E8f664823d26454f49A5A0f2fF697Fe
0x75a4a38a05e985463eb9ee65e45c4ce5ae0afb62,1,True,False,False,False,False,0x6e58089d8E8f664823d26454f49A5A0f2fF697Fe
0x3c8319dd83fa18ec1a0df2acf65277a731514d67,1,True,False,False,False,False,0x6e58089d8E8f664823d26454f49A5A0f2fF697Fe
0x81f30a631a2e6ac8d2a09b81bedef1fec45d65a9,1,True,False,False,False,False,0x6e58089d8E8f664823d26454f49A5A0f2fF697Fe
0xdaa070d909e010211606144ede5b2ca6864c2c1c,1,True,False,False,False,False,0x6e58089d8E8f664823d26454f49A5A0f2fF697Fe
0x84641137bac4db68de94ec3d2ed89ace0aa88f20,1,True,False,False,False,False,0x6e58089d8E8f664823d26454f49A5A0f2fF697Fe
0xdc7c7b60ae8b76e720f7a5e12ceb4cc6578eeafc,1,True,False,False,False,False,0x6e58089d8E8f664823d26454f49A5A0f2fF697Fe
0xc52ad39f7ee32b0aa3bbd54468f5984f0bda48cb,1,True,False,False,False,False,0x6e58089d8E8f664823d26454f49A5A0f2fF697Fe
0x6f5a8a35fb10eecef9128f407a0fe67b898556cf,1,True,False,False,False,False,0x6e58089d8E8f664823d26454f49A5A0f2fF697Fe
0x1dcf6b41e6237eaccebd1b1f7cdf6ac089d29029,1,True,False,False,False,False,0x6e58089d8E8f664823d26454f49A5A0f2fF697Fe
0x52ef1f3c4a1068d0079093cd2dcae9ebe9edcb8f,1,True,False,False,False,False,0x6e58089d8E8f664823d26454f49A5A0f2fF697Fe
0x0d86a2fd448ad216692238a28d2753def5b1d853,1,True,False,False,False,False,0x6e58089d8E8f664823d26454f49A5A0f2fF697Fe
0xa7e6f51af4fbd7d1f4d95764bbc965cec4ad5b91,1,True,False,False,False,False,0x6e58089d8E8f664823d26454f49A5A0f2fF697Fe
0x241e25c9d15b5e7fb007b5e028c4ce8694893870,1,True,False,False,False,False,0x6e58089d8E8f664823d26454f49A5A0f2fF697Fe
0x7f43909414ff1b9e8fcc531e87212378e4a3f9e4,1,True,False,False,False,False,0x6e58089d8E8f664823d26454f49A5A0f2fF697Fe
0x8d138c01765483cb79d787ce5933f609cbfdabcf,1,True,False,False,False,False,0x6e58089d8E8f664823d26454f49A5A0f2fF697Fe
0x9241eea9d76da8791ca5b5e1533a7790cf837064,1,True,False,False,False,False,0x6e58089d8E8f664823d26454f49A5A0f2fF697Fe
0x3b27944505847cb14f3f2983638d082c8d9526d0,1,True,False,False,False,False,0x6e58089d8E8f664823d26454f49A5A0f2fF697Fe
0x5d51b10000d2abe6d619b9de4b5846785b61ce1a,1,True,False,False,False,False,0x6e58089d8E8f664823d26454f49A5A0f2fF697Fe
0x71c5e91ad3d7359196746ef7cc413e787761be1d,1,True,False,False,False,False,0x6e58089d8E8f664823d26454f49A5A0f2fF697Fe
0x5ae1283093f33c5f4c1e3a4f0c97d25ec78dc51d,1,True,False,False,False,False,0x6e58089d8E8f664823d26454f49A5A0f2fF697Fe
0xaa7a9d80971e58641442774c373c94aafee87d66,1,True,False,False,False,False,0x6e58089d8E8f664823d26454f49A5A0f2fF697Fe
0xc94c9d696104a6ea9fee3d66afcc1c4652b3d006,1,True,False,False,False,False,0x6e58089d8E8f664823d26454f49A5A0f2fF697Fe
0x510c0fcbd5fe56af9f5b23f7b7c4ad0bff2b5b00,1,True,False,False,False,False,0x6e58089d8E8f664823d26454f49A5A0f2fF697Fe
0xd93939c5cd996c56349d32c62671e15621bada2b,1,True,False,False,False,False,0x6e58089d8E8f664823d26454f49A5A0f2fF697Fe
0xca423977156bb05b13a2ba3b76bc5419e2fe9680,1,True,False,False,False,False,0x6e58089d8E8f664823d26454f49A5A0f2fF697Fe
0x1b34637198b30b95a1fdd60061fa2345f6c7ad9c,1,True,False,False,False,False,0x6e58089d8E8f664823d26454f49A5A0f2fF697Fe
0x8c6c8c306fbcea9330e9dd6c18b8659bdf2445a4,1,True,False,False,False,False,0x6e58089d8E8f664823d26454f49A5A0f2fF697Fe
0x80740cee43f9d8536b13a2b4c5f24705106fa5b2,1,True,False,False,False,False,0x6e58089d8E8f664823d26454f49A5A0f2fF697Fe
0x37c5ab57af7100bdc9b668d766e193ccbf6614fd,1,True,False,False,False,False,0x6e58089d8E8f664823d26454f49A5A0f2fF697Fe
0x0fb44352bcfe4c5a53a64dd0fad9a41184a1d609,1,True,False,False,False,False,0x6e58089d8E8f664823d26454f49A5A0f2fF697Fe
0x839d36595175e1f678110d52d8265a2fea9607ba,1,True,False,False,False,False,0x6e58089d8E8f664823d26454f49A5A0f2fF697Fe
0x458094822b2dc3e3e70e9b5f8507389f1f4dbab5,1,True,False,False,False,False,0x6e58089d8E8f664823d26454f49A5A0f2fF697Fe
0xbd63533abbab74e5c4da3d159708a5f1879598d5,1,True,False,False,False,False,0x6e58089d8E8f664823d26454f49A5A0f2fF697Fe
0x1231deb6f5749ef6ce6943a275a1d3e7486f4eae,1,True,False,False,False,False,0x6e58089d8E8f664823d26454f49A5A0f2fF697Fe
0xf4477fabb1a3f86c602c37f2e2ba9d05ef9e6843,1,True,False,False,False,False,0x6e58089d8E8f664823d26454f49A5A0f2fF697Fe
0x83334ef0c6f6396413c508a7762741e9fd8b20e9,1,True,False,False,False,False,0x6e58089d8E8f664823d26454f49A5A0f2fF697Fe
0x5c945a5743401f3576d59bd2bb00b565f04b8dc0,1,True,False,False,False,False,0x6e58089d8E8f664823d26454f49A5A0f2fF697Fe
0x009d13e9bec94bf16791098ce4e5c168d27a9f07,1,True,False,False,False,False,0x6e58089d8E8f664823d26454f49A5A0f2fF697Fe
0x197f818c1313dc58b32d88078ecdfb40ea822614,1,True,False,False,False,False,0x6e58089d8E8f664823d26454f49A5A0f2fF697Fe
0x84bc1fc6204b959470bf8a00d871ff8988a3914a,1,True,False,False,False,False,0x6e58089d8E8f664823d26454f49A5A0f2fF697Fe
0xc1c39b466a3660e64bfc5c256e6b8e7083957a4a,1,True,False,False,False,False,0x6e58089d8E8f664823d26454f49A5A0f2fF697Fe
0x4baa9c08020b229c646709ba48c176fb897d61ef,1,True,False,False,False,False,0x6e58089d8E8f664823d26454f49A5A0f2fF697Fe
0xd839c0d6d3eb0d039f0c45a024aea315fa1ec651,1,True,False,False,False,False,0x6e58089d8E8f664823d26454f49A5A0f2fF697Fe
0x129b027960b6d15b2c235fc04ac17caaa1d910e0,1,True,False,False,False,False,0x6e58089d8E8f664823d26454f49A5A0f2fF697Fe
0x0dae2421e6ad3b4c5dea80c8eb94499679bae823,1,True,False,False,False,False,0x6e58089d8E8f664823d26454f49A5A0f2fF697Fe
0x12bd56b1aa999ecfac7b56fc8e2fb0e5dcadf419,1,True,False,False,False,False,0x6e58089d8E8f664823d26454f49A5A0f2fF697Fe
0x9c768177521c9a832b0f8567265ef02e89d0282e,1,True,False,False,False,False,0x6e58089d8E8f664823d26454f49A5A0f2fF697Fe
0x71df067d1d2df5291278b7c660fd37d9b6272b4c,1,True,False,False,False,False,0x6e58089d8E8f664823d26454f49A5A0f2fF697Fe
0x0cf2a290ee5d5f16a891079a8a0381e238a27a5e,1,True,False,False,False,False,0x6e58089d8E8f664823d26454f49A5A0f2fF697Fe
0x8575f0668cb0cde8f3e3854cf915d98311bb0057,1,True,False,False,False,False,0x6e58089d8E8f664823d26454f49A5A0f2fF697Fe
0x3304d37f3fe450c4326f2f9e50498fbfb0431b29,1,True,False,False,False,False,0x6e58089d8E8f664823d26454f49A5A0f2fF697Fe
0xf6de48b2e23e20a54a1677b93643e5f6cd0a6060,1,True,False,False,False,False,0x6e58089d8E8f664823d26454f49A5A0f2fF697Fe
0x505fb4560914ea9c3af22b75ca55c3881472ae45,1,True,False,False,False,False,0x6e58089d8E8f664823d26454f49A5A0f2fF697Fe
0x9b93b7bbbdad456fd3662b18c26cd61755ed7ecc,1,True,False,False,False,False,0x6e58089d8E8f664823d26454f49A5A0f2fF697Fe
0x41d76a4edbc9f97cedaba41da9ded98ba3bac3ef,1,True,False,False,False,False,0x6e58089d8E8f664823d26454f49A5A0f2fF697Fe
0xb5d26158102181dc4ceee75f260a60debd752e45,1,True,False,False,False,False,0x6e58089d8E8f664823d26454f49A5A0f2fF697Fe
0xdbdbc0eccc0526059b2b62f6f2ad2113a655dfae,1,True,False,False,False,False,0x6e58089d8E8f664823d26454f49A5A0f2fF697Fe
0xbea37e65138ef4e439c96cd6b06240ca17750a62,1,True,False,False,False,False,0x6e58089d8E8f664823d26454f49A5A0f2fF697Fe
0x13cbd624af484c4c695ff0e1d0b7e125d45f2c76,1,True,False,False,False,False,0x6e58089d8E8f664823d26454f49A5A0f2fF697Fe
0x7644e5d0af5433db699895a2a33a60d497578e2c,1,True,False,False,False,False,0x6e58089d8E8f664823d26454f49A5A0f2fF697Fe
0x6f0f535da243e441352a9040e556f976b935453b,1,True,False,False,False,False,0x6e58089d8E8f664823d26454f49A5A0f2fF697Fe
0x8973b848775a87a0d5bcf262c555859b87e6f7da,1,True,False,False,False,False,0x6e58089d8E8f664823d26454f49A5A0f2fF697Fe
0xd3d034c097a40243847fe630ce633d13f760dd0c,1,True,False,False,False,False,0x6e58089d8E8f664823d26454f49A5A0f2fF697Fe
0x8b3efbefa6ed222077455d6f0dcda3bf4f3f57a6,1,True,False,False,False,False,0x6e58089d8E8f664823d26454f49A5A0f2fF697Fe
0x04085e57794b5189a7379530b60b895531a2eaaf,1,True,False,False,False,False,0x6e58089d8E8f664823d26454f49A5A0f2fF697Fe
0xbd6ff041bf814619bf2c6c36ab9e35a7293a64bd,1,True,False,False,False,False,0x6e58089d8E8f664823d26454f49A5A0f2fF697Fe
0x6a19fab4847125dcb6eccb822974714a31138274,1,True,False,False,False,False,0x6e58089d8E8f664823d26454f49A5A0f2fF697Fe
0x798a59cb1ef7110e91640fc6a8056d029ba8a42e,1,True,False,False,False,False,0x6e58089d8E8f664823d26454f49A5A0f2fF697Fe
0xe11157670e1d84f7cb55f896c10e4438c7bd2b4f,1,True,False,False,False,False,0x6e58089d8E8f664823d26454f49A5A0f2fF697Fe
0x7c94ac55964ab6117e5ac36482250f1cbee3d5b2,1,True,False,False,False,False,0x6e58089d8E8f664823d26454f49A5A0f2fF697Fe
0x348b3ccac1f8b763b19e91f5fba71b85dc305655,1,True,False,False,False,False,0x6e58089d8E8f664823d26454f49A5A0f2fF697Fe
0x141c1c16237439c645033586f0cb85a271f0016f,1,True,False,False,False,False,0x6e58089d8E8f664823d26454f49A5A0f2fF697Fe
0xd94b2a644b6130b0f14b4fa39b85a5fac450849a,1,True,False,False,False,False,0x6e58089d8E8f664823d26454f49A5A0f2fF697Fe
0xbd4ab1139f2f6361f927b8552c3b97fe81f0b528,1,True,False,False,False,False,0x6e58089d8E8f664823d26454f49A5A0f2fF697Fe
0xd184cf2f60da3c54ed1fc371a3e04179c41570c6,1,True,False,False,False,False,0x6e58089d8E8f664823d26454f49A5A0f2fF697Fe
0xe89181b79df4be6a77901331f473e05c43329770,1,True,False,False,False,False,0x6e58089d8E8f664823d26454f49A5A0f2fF697Fe
0xb53009e4dc25a494f3bee03ab121517e74b59f75,1,True,False,False,False,False,0x6e58089d8E8f664823d26454f49A5A0f2fF697Fe
0x85529e3f9478111895d0bcb51c99fb4793682caf,1,True,False,False,False,False,0x6e58089d8E8f664823d26454f49A5A0f2fF697Fe
0x9f2fa7709b30c75047980a0d70a106728f0ef2db,1,True,False,False,False,False,0x6e58089d8E8f664823d26454f49A5A0f2fF697Fe
0x8df2b53f7c5357b722170aca2907448268d998e8,1,True,False,False,False,False,0x6e58089d8E8f664823d26454f49A5A0f2fF697Fe
0x766c64d809056fbb492fdb410a6b4857c015619a,1,True,False,False,False,False,0x6e58089d8E8f664823d26454f49A5A0f2fF697Fe
0x5b35dbefb8b4918799246664ed3a7fe099619814,1,True,False,False,False,False,0x6e58089d8E8f664823d26454f49A5A0f2fF697Fe
0xb8308617d780c1d843db60148210ba130186232c,1,True,False,False,False,False,0x6e58089d8E8f664823d26454f49A5A0f2fF697Fe
0x6dc9aa79cf710584534496ca58bb143e1856665d,1,True,False,False,False,False,0x6e58089d8E8f664823d26454f49A5A0f2fF697Fe
0xf80aba7bd2b7ee74099ca4bc18d7d611cd641e79,1,True,False,False,False,False,0x6e58089d8E8f664823d26454f49A5A0f2fF697Fe
0xae87e2bb252f7a5b855d64bfcdfed07d7bf07bcc,1,True,False,False,False,False,0x6e58089d8E8f664823d26454f49A5A0f2fF697Fe
0x46d2487cdbea04411c49e6c55ace805bfa8f5de5,1,True,False,False,False,False,0x6e58089d8E8f664823d26454f49A5A0f2fF697Fe
0x680fbd8ddd5fcccf9667eebc710482bfbfa52438,1,True,False,False,False,False,0x6e58089d8E8f664823d26454f49A5A0f2fF697Fe
0x8fecf70b90ed40512c0608565eb9a53af0ef42ad,1,True,False,False,False,False,0x6e58089d8E8f664823d26454f49A5A0f2fF697Fe
0x67bad5cfd248bf02de36f9087c630e47cdfa30b8,1,True,False,False,False,False,0x6e58089d8E8f664823d26454f49A5A0f2fF697Fe
0xd70bd78a9132214bc8a8343dd7ad68cc4b7e994d,1,True,False,False,False,False,0x6e58089d8E8f664823d26454f49A5A0f2fF697Fe
0x420697d7e966861d57abf4d8b5950ed5741bf98d,1,True,False,False,False,False,0x6e58089d8E8f664823d26454f49A5A0f2fF697Fe
0x9d1d4d631ae6bc24bd09adff6ca82651e928b650,1,True,False,False,False,False,0x6e58089d8E8f664823d26454f49A5A0f2fF697Fe
0x9a27e685990b1a5c7af688f634c5107763d0b566,1,True,False,False,False,False,0x6e58089d8E8f664823d26454f49A5A0f2fF697Fe
0x40c1b2b32339476ff6004c74ab210559f6c59b59,1,True,False,False,False,False,0x6e58089d8E8f664823d26454f49A5A0f2fF697Fe
0xc968ab45b29dbd8815938a899290890dbf15a1cf,1,True,False,False,False,False,0x6e58089d8E8f664823d26454f49A5A0f2fF697Fe
0x91212de083d29342f670fb69ffa68176369e3b20,1,True,False,False,False,False,0x6e58089d8E8f664823d26454f49A5A0f2fF697Fe
0x6c320a427a22012486722cf8e8b504ac1c0f3b2a,1,True,False,False,False,False,0x6e58089d8E8f664823d26454f49A5A0f2fF697Fe
0x69d08a457b0ff73291e0cb741cb863825561f616,1,True,False,False,False,False,0x6e58089d8E8f664823d26454f49A5A0f2fF697Fe
0xa40eb69d2adbd34ea73ea1dfd049f825e8216eb0,1,True,False,False,False,False,0x6e58089d8E8f664823d26454f49A5A0f2fF697Fe
0xdcdf8164aaf9345e48e747e95b07d2782d09cb40,1,True,False,False,False,False,0x6e58089d8E8f664823d26454f49A5A0f2fF697Fe
0x45fad3d36fa506e7f955711d6d0dc94a5be8f4b6,1,True,False,False,False,False,0x6e58089d8E8f664823d26454f49A5A0f2fF697Fe
0x318d0059efe546b5687fa6744af4339391153981,1,True,False,False,False,False,0x6e58089d8E8f664823d26454f49A5A0f2fF697Fe
0x307d91591e57461d7476839e3e52bc620454f840,1,True,False,False,False,False,0x6e58089d8E8f664823d26454f49A5A0f2fF697Fe
0x56c85a254dd12ee8d9c04049a4ab62769ce98210,1,True,False,False,False,False,0x6e58089d8E8f664823d26454f49A5A0f2fF697Fe
0x0bd3cb973f0b3a6734447fa2ec93b7c479a26de0,1,True,False,False,False,False,0x6e58089d8E8f664823d26454f49A5A0f2fF697Fe
0x9f3087a03c503f3e9920378951c090c585bb408e,1,True,False,False,False,False,0x6e58089d8E8f664823d26454f49A5A0f2fF697Fe
0x93ca2692db73e975d6e8a7a4254c50a034239c9f,1,True,False,False,False,False,0x6e58089d8E8f664823d26454f49A5A0f2fF697Fe
0x0b0b7736e66cd2840fdb08c9988f46204294a86f,1,True,False,False,False,False,0x6e58089d8E8f664823d26454f49A5A0f2fF697Fe
0x74577d234812d2ba1dae3e6db23e967583419d95,1,True,False,False,False,False,0x6e58089d8E8f664823d26454f49A5A0f2fF697Fe
0x549f0c05d71133d90539b93829b6912ba16064b9,1,True,False,False,False,False,0x6e58089d8E8f664823d26454f49A5A0f2fF697Fe
0xf4dea4b0534154a96e076803b96a07101e6d6b40,1,True,False,False,False,False,0x6e58089d8E8f664823d26454f49A5A0f2fF697Fe
0x29ff8f9acb27727d8a2a52d16091c12ea56e9e4d,1,True,False,False,False,False,0x6e58089d8E8f664823d26454f49A5A0f2fF697Fe
0xee647c33418b1e3c3fa89fb4319f620e7489e56a,1,True,False,False,False,False,0x6e58089d8E8f664823d26454f49A5A0f2fF697Fe
0x7ab066bcd945264e1b1c8d451cb3517c973e676c,1,True,False,False,False,False,0x6e58089d8E8f664823d26454f49A5A0f2fF697Fe
0x0b98718264ca14d0a17c145ffe1e4f3c38a39372,1,True,False,False,False,False,0x6e58089d8E8f664823d26454f49A5A0f2fF697Fe
0x0a3af907dd774b93c745f5228ca84eb25a1582fc,1,True,False,False,False,False,0x6e58089d8E8f664823d26454f49A5A0f2fF697Fe
0x941ec857134b13c255d6ebeed1623b1904378de9,1,True,False,False,False,False,0x6e58089d8E8f664823d26454f49A5A0f2fF697Fe
0xb25c5e8fa1e53eeb9be3421c59f6a66b786ed77a,1,True,False,False,False,False,0x6e58089d8E8f664823d26454f49A5A0f2fF697Fe
0x92da7f745fba9bddf369799fa8864993a6e1127b,1,True,False,False,False,False,0x6e58089d8E8f664823d26454f49A5A0f2fF697Fe
0x718ef48da682374b99e13b33d9ea75a59d23de51,1,True,False,False,False,False,0x6e58089d8E8f664823d26454f49A5A0f2fF697Fe
0x1dbf3ef9af78408f76f486239a5e105817316969,1,True,False,False,False,False,0x6e58089d8E8f664823d26454f49A5A0f2fF697Fe
0xc0f5b7f7703ba95dc7c09d4ef50a830622234075,1,True,False,False,False,False,0x6e58089d8E8f664823d26454f49A5A0f2fF697Fe
0xaa078f64d26b63353ad7138e0203e51ff54984ad,1,True,False,False,False,False,0x6e58089d8E8f664823d26454f49A5A0f2fF697Fe
0x5a35455c3534fd0b652667e6a94a60e3e9a56546,1,True,False,False,False,False,0x6e58089d8E8f664823d26454f49A5A0f2fF697Fe
0xae72f47d88c3d719b281c4d302afb9cf2bd60319,1,True,False,False,False,False,0x6e58089d8E8f664823d26454f49A5A0f2fF697Fe
0x2d07c0a3c8033af7e3eee470b15a3a7831009268,1,True,False,False,False,False,0x6e58089d8E8f664823d26454f49A5A0f2fF697Fe
0x668d4a494192147f396f2e55dff1fed7c8ba595a,1,True,False,False,False,False,0x6e58089d8E8f664823d26454f49A5A0f2fF697Fe
0x48c26fadfefbe063b1773af4732565bcb55adc64,1,True,False,False,False,False,0x6e58089d8E8f664823d26454f49A5A0f2fF697Fe
0xc1f4d15c16a1f3555e0a5f7aefd1e17ad4aaf40b,1,True,False,False,False,False,0x6e58089d8E8f664823d26454f49A5A0f2fF697Fe
0x62c8acc91b488f5749d8e43c7711edf76841b206,1,True,False,False,False,False,0x6e58089d8E8f664823d26454f49A5A0f2fF697Fe
0x2fd798a8fcc64ba1bc62bf363a6a28f63e93d5b8,1,True,False,False,False,False,0x6e58089d8E8f664823d26454f49A5A0f2fF697Fe
0x72be5d6be003e489b0d3f20a426969470f624f20,1,True,False,False,False,False,0x6e58089d8E8f664823d26454f49A5A0f2fF697Fe
0x1d12c9fec45746823861176ce05bdecda06f2115,1,True,False,False,False,False,0x6e58089d8E8f664823d26454f49A5A0f2fF697Fe
0x647268daec544a07814e962145ba435db2bb0982,1,True,False,False,False,False,0x6e58089d8E8f664823d26454f49A5A0f2fF697Fe
0x962228a90eac69238c7d1f216d80037e61ea9255,1,True,False,False,False,False,0x6e58089d8E8f664823d26454f49A5A0f2fF697Fe
0xf3d476566bcc8e882a3910f1471428522449d89e,1,True,False,False,False,False,0x6e58089d8E8f664823d26454f49A5A0f2fF697Fe
0x92683a09b64148369b09f96350b6323d37af6ae3,1,True,False,False,False,False,0x6e58089d8E8f664823d26454f49A5A0f2fF697Fe
0xc507ed8bcfe049d934b6e32d1ae482d0081eaefc,1,True,False,False,False,False,0x6e58089d8E8f664823d26454f49A5A0f2fF697Fe
0xe63e2cdd24695464c015b2f5ef723ce17e96886b,1,True,False,False,False,False,0x6e58089d8E8f664823d26454f49A5A0f2fF697Fe
0xd7cc5b9e380ec67cdcc298db485e17deb7847673,1,True,False,False,False,False,0x6e58089d8E8f664823d26454f49A5A0f2fF697Fe
0x17e06ce6914e3969f7bd37d8b2a563890ca1c96e,1,True,False,False,False,False,0x6e58089d8E8f664823d26454f49A5A0f2fF697Fe
0x84afb4b60844f8759154d6ff7b0580daa2d4e37d,1,True,False,False,False,False,0x6e58089d8E8f664823d26454f49A5A0f2fF697Fe
0xda80ea0a45b1af85bb44f9e5b3bd4393a9a4d751,1,True,False,False,False,False,0x6e58089d8E8f664823d26454f49A5A0f2fF697Fe
0x559524b8d5af5292e4ca30b30ea3dc8261e1dea4,1,True,False,False,False,False,0x6e58089d8E8f664823d26454f49A5A0f2fF697Fe
0x1b0583e43f6e2f93526d7b2dcc887106b030441d,1,True,False,False,False,False,0x6e58089d8E8f664823d26454f49A5A0f2fF697Fe
0x329c54289ff5d6b7b7dae13592c6b1eda1543ed4,1,True,False,False,False,False,0x6e58089d8E8f664823d26454f49A5A0f2fF697Fe
0xa08212117ed24f10237d6e5e891be7e8c9a0f2ad,1,True,False,False,False,False,0x6e58089d8E8f664823d26454f49A5A0f2fF697Fe
0x0cb3e38741ed54fde0b7b7e1c93dcd28a4a6f15c,1,True,False,False,False,False,0x6e58089d8E8f664823d26454f49A5A0f2fF697Fe
0x7f6f138c955e5b1017a12e4567d90c62abb00074,1,True,False,False,False,False,0x6e58089d8E8f664823d26454f49A5A0f2fF697Fe
0x42726b0570174227679521e48cddf454357c8553,1,True,False,False,False,False,0x6e58089d8E8f664823d26454f49A5A0f2fF697Fe
0x649f69ccd077da03dfb11f4b1daab4b625f5e9a3,1,True,False,False,False,False,0x6e58089d8E8f664823d26454f49A5A0f2fF697Fe
0x0988e41c02915fe1befa78c556f946e5f20ffbd3,1,True,False,False,False,False,0x6e58089d8E8f664823d26454f49A5A0f2fF697Fe
0xa2917120c698fb5f2a03e3fd3524bda85a3eaef6,1,True,False,False,False,False,0x6e58089d8E8f664823d26454f49A5A0f2fF697Fe
0xf3b1b6e83be4d55695f1d30ac3d307d9d5ca98ff,1,True,False,False,False,False,0x6e58089d8E8f664823d26454f49A5A0f2fF697Fe
0x26602bf417c4e57ba3d2268d7f93a1e16f29e069,1,True,False,False,False,False,0x6e58089d8E8f664823d26454f49A5A0f2fF697Fe
0x9c828e8eece7a339bbe90a44bb096b20a4f1be2b,1,True,False,False,False,False,0x6e58089d8E8f664823d26454f49A5A0f2fF697Fe
0xabd3ebf016304ab043fd744490e5c7647040b208,1,True,False,False,False,False,0x6e58089d8E8f664823d26454f49A5A0f2fF697Fe
0x9a1e04ffd63230a0bdc723be5870aff04af0bb02,1,True,False,False,False,False,0x6e58089d8E8f664823d26454f49A5A0f2fF697Fe
0x6129a2cf9d4f67c433a3ec867a912884936c1cbf,1,True,False,False,False,False,0x6e58089d8E8f664823d26454f49A5A0f2fF697Fe
0xa521e425f37acc731651565b41ce3e5022274f4f,1,True,False,False,False,False,0x6e58089d8E8f664823d26454f49A5A0f2fF697Fe
0xeeb061edaad7be1cc8106ea51db59071c55359da,1,True,False,False,False,False,0x6e58089d8E8f664823d26454f49A5A0f2fF697Fe
0xa1992346630fa9539bc31438a8981c646c6698f1,1,True,False,False,False,False,0x6e58089d8E8f664823d26454f49A5A0f2fF697Fe
0x4702d39c499236a43654c54783c3f24830e247dc,1,True,False,False,False,False,0x6e58089d8E8f664823d26454f49A5A0f2fF697Fe
0xc9645a47e927400b68fa169cf8e9dfdf3e3ffdfa,1,True,False,False,False,False,0x6e58089d8E8f664823d26454f49A5A0f2fF697Fe
0x70ccbe10f980d80b7ebaab7d2e3a73e87d67b775,1,True,False,False,False,False,0x6e58089d8E8f664823d26454f49A5A0f2fF697Fe
0x109dccc4b8b99790d13c80aa41b17d749aa1882a,1,True,False,False,False,False,0x6e58089d8E8f664823d26454f49A5A0f2fF697Fe
0xb272ef11ad76ac73ddcd37955bd4e6d93fd21614,1,True,False,False,False,False,0x6e58089d8E8f664823d26454f49A5A0f2fF697Fe
0xe39687ed7d3bea7e5ace354211b95fc59ad2b444,1,True,False,False,False,False,0x6e58089d8E8f664823d26454f49A5A0f2fF697Fe
0x82b1bf183b2abacd5ede6694e7cef940e41b1845,1,True,False,False,False,False,0x6e58089d8E8f664823d26454f49A5A0f2fF697Fe
0x3c5c884d512a4513c9c7440be3c2533175178a09,1,True,False,False,False,False,0x6e58089d8E8f664823d26454f49A5A0f2fF697Fe
0xbd6f210a624a792e7d30a2f7591dc7abce2f3c48,1,True,False,False,False,False,0x6e58089d8E8f664823d26454f49A5A0f2fF697Fe
0x6abcba6cf08fbfd33cc09c73940e00d8db6c7987,1,True,False,False,False,False,0x6e58089d8E8f664823d26454f49A5A0f2fF697Fe
0xc6a51d6e1f07e470cc4386f4fe295c3b8482dced,1,True,False,False,False,False,0x6e58089d8E8f664823d26454f49A5A0f2fF697Fe
0xd2d8e34fa5bafa8e7903babef5fd9101df45ce04,1,True,False,False,False,False,0x6e58089d8E8f664823d26454f49A5A0f2fF697Fe
0x8c8a542f9a0deb10a2f310127fa396cab984e6c3,1,True,False,False,False,False,0x6e58089d8E8f664823d26454f49A5A0f2fF697Fe
0xe524d29daf6d7cdeaaaf07fa1aa7732a45f330b3,1,True,False,False,False,False,0x6e58089d8E8f664823d26454f49A5A0f2fF697Fe
0x50f70fc008919a295583fd0598df8b18d06acef8,1,True,False,False,False,False,0x6e58089d8E8f664823d26454f49A5A0f2fF697Fe
0x705550d868dd6da69ed2c649eb15c9fb4647c566,1,True,False,False,False,False,0x6e58089d8E8f664823d26454f49A5A0f2fF697Fe
0x96ad7a9f1ef57f46efc3553e8a4d4afcd8c77212,1,True,False,False,False,False,0x6e58089d8E8f664823d26454f49A5A0f2fF697Fe
0xa9d2ea5e931b55b6f11c7838459559eafb9f61e0,1,True,False,False,False,False,0x6e58089d8E8f664823d26454f49A5A0f2fF697Fe
0x52eaf3f04cbac0a4b9878a75ab2523722325d4d4,1,True,False,False,False,False,0x6e58089d8E8f664823d26454f49A5A0f2fF697Fe
0xe836e3cdbc912577e7bedbfa9a915a3319e3efc4,1,True,False,False,False,False,0x6e58089d8E8f664823d26454f49A5A0f2fF697Fe
0xfc52df87a97e30f6aaf32e952ce3bd05a779dcaf,1,True,False,False,False,False,0x6e58089d8E8f664823d26454f49A5A0f2fF697Fe
0x1dd50763ebf30966922c428177b090a90a634de9,1,True,False,False,False,False,0x6e58089d8E8f664823d26454f49A5A0f2fF697Fe
0x52256ef863a713ef349ae6e97a7e8f35785145de,1,True,False,False,False,False,0x6e58089d8E8f664823d26454f49A5A0f2fF697Fe
0x35aa433e4b35de2c907b5c2d5703822e253aef54,1,True,False,False,False,False,0x6e58089d8E8f664823d26454f49A5A0f2fF697Fe
0xeee7fb850d28f5cabd5f1edf540646b5bea17ce5,1,True,False,False,False,False,0x6e58089d8E8f664823d26454f49A5A0f2fF697Fe
0xd461cf004eda0ddb0028b831b62bf38b3a6d1e5a,1,True,False,False,False,False,0x6e58089d8E8f664823d26454f49A5A0f2fF697Fe
0x5f31fd28bf4c9034dc73c63abf95759a1b8a8486,1,True,False,False,False,False,0x6e58089d8E8f664823d26454f49A5A0f2fF697Fe
0x7bfe766fbf8a25a6cbc47d74cb9ebc7275965621,1,True,False,False,False,False,0x6e58089d8E8f664823d26454f49A5A0f2fF697Fe
0x8af0b9a9b751e086122bc340188bd9d99b8c7ec1,1,True,False,False,False,False,0x6e58089d8E8f664823d26454f49A5A0f2fF697Fe
0x0444516ed1a02863cca7ddeb0937b15dfe33bee0,1,True,False,False,False,False,0x6e58089d8E8f664823d26454f49A5A0f2fF697Fe
0x0dc2e2ce90e814c0cfb655438237bd747d2247f3,1,True,False,False,False,False,0x6e58089d8E8f664823d26454f49A5A0f2fF697Fe
0xc3e85b30bea6529b3239e3db7978f3c71845f487,1,True,False,False,False,False,0x6e58089d8E8f664823d26454f49A5A0f2fF697Fe
0x87edfd6b1b545d4358f0bf302b1a51660a0dfdf1,1,True,False,False,False,False,0x6e58089d8E8f664823d26454f49A5A0f2fF697Fe
0x542795bdcbed4dc47b535add84c3a446fb370289,1,True,False,False,False,False,0x6e58089d8E8f664823d26454f49A5A0f2fF697Fe
0xd78ccb7cd497ab5e85c1b2da3733f0ecfd9d5103,1,True,False,False,False,False,0x6e58089d8E8f664823d26454f49A5A0f2fF697Fe
0x932e80d589f3259ea299d47e7d6fa048007f3ed6,1,True,False,False,False,False,0x6e58089d8E8f664823d26454f49A5A0f2fF697Fe
0x780aa4face54b454be640c1257a3bda3917111ef,1,True,False,False,False,False,0x6e58089d8E8f664823d26454f49A5A0f2fF697Fe
0x58771946fe77fca0234cc7a9f360d77afb41caf8,1,True,False,False,False,False,0x6e58089d8E8f664823d26454f49A5A0f2fF697Fe
0xc782b3d3a484aaba2c60b1238921ce0c0f6fd50c,1,True,False,False,False,False,0x6e58089d8E8f664823d26454f49A5A0f2fF697Fe
0x3c5aac016ef2f178e8699d6208796a2d67557fe2,1,True,False,False,False,False,0x6e58089d8E8f664823d26454f49A5A0f2fF697Fe
0x8cf0a1abc730d65e369726377878cc145e0d4716,1,True,False,False,False,False,0x6e58089d8E8f664823d26454f49A5A0f2fF697Fe
0x067214ba2099775d25d82a3b814dc35ce0ceef72,1,True,False,False,False,False,0x6e58089d8E8f664823d26454f49A5A0f2fF697Fe
0xd39c1775e98a73fd0a9c8ecac8c9fedb9bb81e45,1,True,False,False,False,False,0x6e58089d8E8f664823d26454f49A5A0f2fF697Fe
0xf4b03870807059042b98c7abe889d5e9ed787371,1,True,False,False,False,False,0x6e58089d8E8f664823d26454f49A5A0f2fF697Fe
0xcba3a6c78408608dad0fa7d203f862ad0c984ae1,1,True,False,False,False,False,0x6e58089d8E8f664823d26454f49A5A0f2fF697Fe
0xa9ddd91249dfdd450e81e1c56ab60e1a62651701,1,True,False,False,False,False,0x6e58089d8E8f664823d26454f49A5A0f2fF697Fe
0xee57b250e82902a178beda7a9fba4ff63f8bddc8,1,True,False,False,False,False,0x6e58089d8E8f664823d26454f49A5A0f2fF697Fe
0x5950e29eea828c7bcfb8ac68cb75929b8e1b7aa8,1,False,False,False,True,False,0x29FF8F9ACb27727D8A2A52D16091c12ea56E9E4d
